name,lower_case_name,no_dash_name
ALW-II-38-3,alw-ii-38-3,ALWII-38-3
ALW-II-49-7,alw-ii-49-7,ALWII-49-7
Dactolisib,dactolisib,Dactolisib
BMS-536924,bms-536924,BMS536924
KIN001-111,kin001-111,KIN001111
XMD-12,xmd-12,XMD12
KIN001-123,kin001-123,KIN001123
5z-7-oxozeaenol,5z-7-oxozeaenol,5z7-oxozeaenol
JNK-IN-8,jnk-in-8,JNKIN-8
ZSTK474,zstk474,ZSTK474
MPS-1-IN-1,mps-1-in-1,MPS1-IN-1
TGX221,tgx221,TGX221
BGJ398,bgj398,BGJ398
KIN001-021,kin001-021,KIN001021
Pictilisib,pictilisib,Pictilisib
CH5424802,ch5424802,CH5424802
Ceritinib,ceritinib,Ceritinib
BMX-IN-1,bmx-in-1,BMXIN-1
SCH772984,sch772984,SCH772984
THZ1,thz1,THZ1
JNK-IN-11,jnk-in-11,JNKIN-11
WZ4003,wz4003,WZ4003
ERK5-IN-1,erk5-in-1,ERK5IN-1
QL-XII-47,ql-xii-47,QLXII-47
UNC10225469A,unc10225469a,UNC10225469A
UNC10225012A,unc10225012a,UNC10225012A
UNC10225159A,unc10225159a,UNC10225159A
UNC10225310A,unc10225310a,UNC10225310A
UNC10225187A,unc10225187a,UNC10225187A
UNC10225062A,unc10225062a,UNC10225062A
UNC10225296A,unc10225296a,UNC10225296A
UNC10225430A,unc10225430a,UNC10225430A
UNC10225266A,unc10225266a,UNC10225266A
UNC10225324A,unc10225324a,UNC10225324A
PFE-PKIS 1,pfe-pkis 1,PFEPKIS 1
PFE-PKIS 10,pfe-pkis 10,PFEPKIS 10
PFE-PKIS 11,pfe-pkis 11,PFEPKIS 11
PFE-PKIS 12,pfe-pkis 12,PFEPKIS 12
PFE-PKIS 13,pfe-pkis 13,PFEPKIS 13
PFE-PKIS 14,pfe-pkis 14,PFEPKIS 14
PFE-PKIS 15,pfe-pkis 15,PFEPKIS 15
PFE-PKIS 16,pfe-pkis 16,PFEPKIS 16
PFE-PKIS 17,pfe-pkis 17,PFEPKIS 17
PFE-PKIS 18,pfe-pkis 18,PFEPKIS 18
PFE-PKIS 19,pfe-pkis 19,PFEPKIS 19
PFE-PKIS 2,pfe-pkis 2,PFEPKIS 2
PFE-PKIS 20,pfe-pkis 20,PFEPKIS 20
PFE-PKIS 21,pfe-pkis 21,PFEPKIS 21
PFE-PKIS 22,pfe-pkis 22,PFEPKIS 22
PFE-PKIS 23,pfe-pkis 23,PFEPKIS 23
PFE-PKIS 24,pfe-pkis 24,PFEPKIS 24
PFE-PKIS 25,pfe-pkis 25,PFEPKIS 25
PFE-PKIS 26,pfe-pkis 26,PFEPKIS 26
PFE-PKIS 27,pfe-pkis 27,PFEPKIS 27
PFE-PKIS 28,pfe-pkis 28,PFEPKIS 28
PFE-PKIS 29,pfe-pkis 29,PFEPKIS 29
PFE-PKIS 3,pfe-pkis 3,PFEPKIS 3
PFE-PKIS 30,pfe-pkis 30,PFEPKIS 30
PFE-PKIS 31,pfe-pkis 31,PFEPKIS 31
PFE-PKIS 32,pfe-pkis 32,PFEPKIS 32
PFE-PKIS 33,pfe-pkis 33,PFEPKIS 33
PFE-PKIS 34,pfe-pkis 34,PFEPKIS 34
PFE-PKIS 35,pfe-pkis 35,PFEPKIS 35
PFE-PKIS 36,pfe-pkis 36,PFEPKIS 36
PFE-PKIS 37,pfe-pkis 37,PFEPKIS 37
PFE-PKIS 38,pfe-pkis 38,PFEPKIS 38
PFE-PKIS 39,pfe-pkis 39,PFEPKIS 39
PFE-PKIS 4,pfe-pkis 4,PFEPKIS 4
PFE-PKIS 40,pfe-pkis 40,PFEPKIS 40
PFE-PKIS 41,pfe-pkis 41,PFEPKIS 41
PFE-PKIS 42,pfe-pkis 42,PFEPKIS 42
PFE-PKIS 43,pfe-pkis 43,PFEPKIS 43
PFE-PKIS 44,pfe-pkis 44,PFEPKIS 44
PFE-PKIS 45,pfe-pkis 45,PFEPKIS 45
PFE-PKIS 46,pfe-pkis 46,PFEPKIS 46
PFE-PKIS 47,pfe-pkis 47,PFEPKIS 47
PFE-PKIS 5,pfe-pkis 5,PFEPKIS 5
PFE-PKIS 6,pfe-pkis 6,PFEPKIS 6
PFE-PKIS 7,pfe-pkis 7,PFEPKIS 7
PFE-PKIS 8,pfe-pkis 8,PFEPKIS 8
PFE-PKIS 9,pfe-pkis 9,PFEPKIS 9
SB-210486,sb-210486,SB210486
SB-226605,sb-226605,SB226605
UNC10225272A,unc10225272a,UNC10225272A
UNC10225284A,unc10225284a,UNC10225284A
TPKI-100,tpki-100,TPKI100
TPKI-101,tpki-101,TPKI101
TPKI-102,tpki-102,TPKI102
TPKI-103,tpki-103,TPKI103
TPKI-104,tpki-104,TPKI104
TPKI-105,tpki-105,TPKI105
TPKI-106,tpki-106,TPKI106
TPKI-107,tpki-107,TPKI107
TPKI-108,tpki-108,TPKI108
TPKI-109,tpki-109,TPKI109
TPKI-110,tpki-110,TPKI110
TPKI-111,tpki-111,TPKI111
TPKI-112,tpki-112,TPKI112
TPKI-113,tpki-113,TPKI113
TPKI-114,tpki-114,TPKI114
TPKI-16,tpki-16,TPKI16
TPKI-24,tpki-24,TPKI24
TPKI-25,tpki-25,TPKI25
TPKI-26,tpki-26,TPKI26
TPKI-27,tpki-27,TPKI27
TPKI-28,tpki-28,TPKI28
TPKI-29,tpki-29,TPKI29
TPKI-30,tpki-30,TPKI30
TPKI-31,tpki-31,TPKI31
TPKI-32,tpki-32,TPKI32
TPKI-33,tpki-33,TPKI33
TPKI-34,tpki-34,TPKI34
TPKI-35,tpki-35,TPKI35
TPKI-36,tpki-36,TPKI36
TPKI-37,tpki-37,TPKI37
TPKI-38,tpki-38,TPKI38
TPKI-39,tpki-39,TPKI39
TPKI-40,tpki-40,TPKI40
TPKI-41,tpki-41,TPKI41
TPKI-42,tpki-42,TPKI42
TPKI-43,tpki-43,TPKI43
TPKI-44,tpki-44,TPKI44
TPKI-45,tpki-45,TPKI45
TPKI-46,tpki-46,TPKI46
TPKI-47,tpki-47,TPKI47
TPKI-48,tpki-48,TPKI48
TPKI-49,tpki-49,TPKI49
TPKI-50,tpki-50,TPKI50
TPKI-51,tpki-51,TPKI51
TPKI-52,tpki-52,TPKI52
TPKI-53,tpki-53,TPKI53
TPKI-54,tpki-54,TPKI54
TPKI-55,tpki-55,TPKI55
TPKI-56,tpki-56,TPKI56
TPKI-57,tpki-57,TPKI57
TPKI-58,tpki-58,TPKI58
TPKI-59,tpki-59,TPKI59
TPKI-60,tpki-60,TPKI60
TPKI-61,tpki-61,TPKI61
TPKI-62,tpki-62,TPKI62
TPKI-63,tpki-63,TPKI63
TPKI-64,tpki-64,TPKI64
TPKI-65,tpki-65,TPKI65
TPKI-66,tpki-66,TPKI66
TPKI-67,tpki-67,TPKI67
TPKI-68,tpki-68,TPKI68
TPKI-69,tpki-69,TPKI69
TPKI-70,tpki-70,TPKI70
TPKI-71,tpki-71,TPKI71
TPKI-72,tpki-72,TPKI72
TPKI-73,tpki-73,TPKI73
TPKI-74,tpki-74,TPKI74
TPKI-75,tpki-75,TPKI75
TPKI-76,tpki-76,TPKI76
TPKI-77,tpki-77,TPKI77
TPKI-78,tpki-78,TPKI78
TPKI-79,tpki-79,TPKI79
TPKI-80,tpki-80,TPKI80
TPKI-81,tpki-81,TPKI81
TPKI-82,tpki-82,TPKI82
TPKI-83,tpki-83,TPKI83
TPKI-84,tpki-84,TPKI84
TPKI-85,tpki-85,TPKI85
TPKI-86,tpki-86,TPKI86
TPKI-87,tpki-87,TPKI87
TPKI-88,tpki-88,TPKI88
TPKI-89,tpki-89,TPKI89
TPKI-90,tpki-90,TPKI90
TPKI-91,tpki-91,TPKI91
TPKI-92,tpki-92,TPKI92
TPKI-93,tpki-93,TPKI93
TPKI-94,tpki-94,TPKI94
TPKI-95,tpki-95,TPKI95
TPKI-96,tpki-96,TPKI96
TPKI-97,tpki-97,TPKI97
TPKI-98,tpki-98,TPKI98
TPKI-99,tpki-99,TPKI99
UNC10112604A,unc10112604a,UNC10112604A
UNC10112721A,unc10112721a,UNC10112721A
UNC10112764A,unc10112764a,UNC10112764A
UNC10112774A,unc10112774a,UNC10112774A
UNC10112792A,unc10112792a,UNC10112792A
UNC10112830A,unc10112830a,UNC10112830A
UNC10126563B,unc10126563b,UNC10126563B
UNC10224985A,unc10224985a,UNC10224985A
UNC10224986A,unc10224986a,UNC10224986A
UNC10224987A,unc10224987a,UNC10224987A
UNC10224988A,unc10224988a,UNC10224988A
UNC10224989A,unc10224989a,UNC10224989A
UNC10224990A,unc10224990a,UNC10224990A
UNC10224991A,unc10224991a,UNC10224991A
UNC10224992A,unc10224992a,UNC10224992A
UNC10224993A,unc10224993a,UNC10224993A
UNC10224994A,unc10224994a,UNC10224994A
UNC10224995A,unc10224995a,UNC10224995A
UNC10224997A,unc10224997a,UNC10224997A
UNC10224998A,unc10224998a,UNC10224998A
UNC10224999A,unc10224999a,UNC10224999A
UNC10225000A,unc10225000a,UNC10225000A
UNC10225001A,unc10225001a,UNC10225001A
UNC10225002A,unc10225002a,UNC10225002A
UNC10225003A,unc10225003a,UNC10225003A
UNC10225004A,unc10225004a,UNC10225004A
UNC10225005A,unc10225005a,UNC10225005A
UNC10225006A,unc10225006a,UNC10225006A
UNC10225007A,unc10225007a,UNC10225007A
UNC10225008A,unc10225008a,UNC10225008A
UNC10225009A,unc10225009a,UNC10225009A
UNC10225010A,unc10225010a,UNC10225010A
UNC10225011A,unc10225011a,UNC10225011A
UNC10225013A,unc10225013a,UNC10225013A
UNC10225014A,unc10225014a,UNC10225014A
UNC10225015A,unc10225015a,UNC10225015A
UNC10225016A,unc10225016a,UNC10225016A
UNC10225018A,unc10225018a,UNC10225018A
UNC10225019A,unc10225019a,UNC10225019A
UNC10225020A,unc10225020a,UNC10225020A
UNC10225021A,unc10225021a,UNC10225021A
UNC10225022A,unc10225022a,UNC10225022A
UNC10225023A,unc10225023a,UNC10225023A
UNC10225023B,unc10225023b,UNC10225023B
UNC10225024A,unc10225024a,UNC10225024A
UNC10225025A,unc10225025a,UNC10225025A
UNC10225026A,unc10225026a,UNC10225026A
UNC10225027A,unc10225027a,UNC10225027A
UNC10225028A,unc10225028a,UNC10225028A
UNC10225029A,unc10225029a,UNC10225029A
UNC10225030A,unc10225030a,UNC10225030A
UNC10225031A,unc10225031a,UNC10225031A
UNC10225032A,unc10225032a,UNC10225032A
UNC10225033A,unc10225033a,UNC10225033A
UNC10225034A,unc10225034a,UNC10225034A
UNC10225035A,unc10225035a,UNC10225035A
UNC10225036A,unc10225036a,UNC10225036A
UNC10225037A,unc10225037a,UNC10225037A
UNC10225038A,unc10225038a,UNC10225038A
UNC10225039A,unc10225039a,UNC10225039A
UNC10225040A,unc10225040a,UNC10225040A
UNC10225041A,unc10225041a,UNC10225041A
UNC10225042A,unc10225042a,UNC10225042A
UNC10225043A,unc10225043a,UNC10225043A
UNC10225044A,unc10225044a,UNC10225044A
UNC10225045A,unc10225045a,UNC10225045A
UNC10225046A,unc10225046a,UNC10225046A
UNC10225047A,unc10225047a,UNC10225047A
UNC10225048A,unc10225048a,UNC10225048A
UNC10225049A,unc10225049a,UNC10225049A
UNC10225050A,unc10225050a,UNC10225050A
UNC10225051A,unc10225051a,UNC10225051A
UNC10225052A,unc10225052a,UNC10225052A
UNC10225054A,unc10225054a,UNC10225054A
UNC10225056A,unc10225056a,UNC10225056A
UNC10225057A,unc10225057a,UNC10225057A
UNC10225058A,unc10225058a,UNC10225058A
UNC10225060A,unc10225060a,UNC10225060A
UNC10225061A,unc10225061a,UNC10225061A
UNC10225063A,unc10225063a,UNC10225063A
UNC10225065A,unc10225065a,UNC10225065A
UNC10225066A,unc10225066a,UNC10225066A
UNC10225068A,unc10225068a,UNC10225068A
UNC10225069A,unc10225069a,UNC10225069A
UNC10225070A,unc10225070a,UNC10225070A
UNC10225071A,unc10225071a,UNC10225071A
UNC10225072A,unc10225072a,UNC10225072A
UNC10225073A,unc10225073a,UNC10225073A
UNC10225074A,unc10225074a,UNC10225074A
UNC10225075A,unc10225075a,UNC10225075A
UNC10225076A,unc10225076a,UNC10225076A
UNC10225077B,unc10225077b,UNC10225077B
UNC10225078A,unc10225078a,UNC10225078A
UNC10225079A,unc10225079a,UNC10225079A
UNC10225080A,unc10225080a,UNC10225080A
UNC10225081A,unc10225081a,UNC10225081A
UNC10225082A,unc10225082a,UNC10225082A
UNC10225083A,unc10225083a,UNC10225083A
UNC10225084A,unc10225084a,UNC10225084A
UNC10225085A,unc10225085a,UNC10225085A
UNC10225086A,unc10225086a,UNC10225086A
UNC10225087A,unc10225087a,UNC10225087A
UNC10225088A,unc10225088a,UNC10225088A
UNC10225089A,unc10225089a,UNC10225089A
UNC10225090A,unc10225090a,UNC10225090A
UNC10225091A,unc10225091a,UNC10225091A
UNC10225092A,unc10225092a,UNC10225092A
UNC10225093A,unc10225093a,UNC10225093A
UNC10225094A,unc10225094a,UNC10225094A
UNC10225095A,unc10225095a,UNC10225095A
UNC10225096A,unc10225096a,UNC10225096A
UNC10225097A,unc10225097a,UNC10225097A
UNC10225098A,unc10225098a,UNC10225098A
UNC10225099A,unc10225099a,UNC10225099A
UNC10225100A,unc10225100a,UNC10225100A
UNC10225101A,unc10225101a,UNC10225101A
UNC10225103A,unc10225103a,UNC10225103A
UNC10225104A,unc10225104a,UNC10225104A
UNC10225105A,unc10225105a,UNC10225105A
UNC10225106A,unc10225106a,UNC10225106A
UNC10225107A,unc10225107a,UNC10225107A
UNC10225108A,unc10225108a,UNC10225108A
UNC10225109A,unc10225109a,UNC10225109A
UNC10225110A,unc10225110a,UNC10225110A
UNC10225111A,unc10225111a,UNC10225111A
UNC10225112A,unc10225112a,UNC10225112A
UNC10225113A,unc10225113a,UNC10225113A
UNC10225114A,unc10225114a,UNC10225114A
UNC10225115A,unc10225115a,UNC10225115A
UNC10225116A,unc10225116a,UNC10225116A
UNC10225117A,unc10225117a,UNC10225117A
UNC10225118A,unc10225118a,UNC10225118A
UNC10225119A,unc10225119a,UNC10225119A
UNC10225120A,unc10225120a,UNC10225120A
UNC10225121A,unc10225121a,UNC10225121A
UNC10225122A,unc10225122a,UNC10225122A
UNC10225123A,unc10225123a,UNC10225123A
UNC10225124A,unc10225124a,UNC10225124A
UNC10225125A,unc10225125a,UNC10225125A
UNC10225126A,unc10225126a,UNC10225126A
UNC10225127A,unc10225127a,UNC10225127A
UNC10225128B,unc10225128b,UNC10225128B
UNC10225129A,unc10225129a,UNC10225129A
UNC10225130B,unc10225130b,UNC10225130B
UNC10225131A,unc10225131a,UNC10225131A
UNC10225132A,unc10225132a,UNC10225132A
UNC10225133A,unc10225133a,UNC10225133A
UNC10225134A,unc10225134a,UNC10225134A
UNC10225135A,unc10225135a,UNC10225135A
UNC10225136A,unc10225136a,UNC10225136A
UNC10225137A,unc10225137a,UNC10225137A
UNC10225138A,unc10225138a,UNC10225138A
UNC10225139A,unc10225139a,UNC10225139A
UNC10225140A,unc10225140a,UNC10225140A
UNC10225141A,unc10225141a,UNC10225141A
UNC10225142A,unc10225142a,UNC10225142A
UNC10225143A,unc10225143a,UNC10225143A
UNC10225144A,unc10225144a,UNC10225144A
UNC10225145A,unc10225145a,UNC10225145A
UNC10225146A,unc10225146a,UNC10225146A
UNC10225147A,unc10225147a,UNC10225147A
UNC10225148A,unc10225148a,UNC10225148A
UNC10225149A,unc10225149a,UNC10225149A
UNC10225150A,unc10225150a,UNC10225150A
UNC10225151A,unc10225151a,UNC10225151A
UNC10225152A,unc10225152a,UNC10225152A
UNC10225153A,unc10225153a,UNC10225153A
UNC10225154A,unc10225154a,UNC10225154A
UNC10225155A,unc10225155a,UNC10225155A
UNC10225156A,unc10225156a,UNC10225156A
UNC10225157A,unc10225157a,UNC10225157A
UNC10225158A,unc10225158a,UNC10225158A
UNC10225160A,unc10225160a,UNC10225160A
UNC10225161A,unc10225161a,UNC10225161A
UNC10225162A,unc10225162a,UNC10225162A
UNC10225163A,unc10225163a,UNC10225163A
UNC10225164A,unc10225164a,UNC10225164A
UNC10225165A,unc10225165a,UNC10225165A
UNC10225166A,unc10225166a,UNC10225166A
UNC10225167A,unc10225167a,UNC10225167A
UNC10225168A,unc10225168a,UNC10225168A
UNC10225169A,unc10225169a,UNC10225169A
UNC10225170A,unc10225170a,UNC10225170A
UNC10225171A,unc10225171a,UNC10225171A
UNC10225172A,unc10225172a,UNC10225172A
UNC10225173A,unc10225173a,UNC10225173A
UNC10225174A,unc10225174a,UNC10225174A
UNC10225175A,unc10225175a,UNC10225175A
UNC10225176A,unc10225176a,UNC10225176A
UNC10225177A,unc10225177a,UNC10225177A
UNC10225178A,unc10225178a,UNC10225178A
UNC10225180A,unc10225180a,UNC10225180A
UNC10225181A,unc10225181a,UNC10225181A
UNC10225182A,unc10225182a,UNC10225182A
UNC10225183A,unc10225183a,UNC10225183A
UNC10225184A,unc10225184a,UNC10225184A
UNC10225185A,unc10225185a,UNC10225185A
UNC10225186A,unc10225186a,UNC10225186A
UNC10225188A,unc10225188a,UNC10225188A
UNC10225189A,unc10225189a,UNC10225189A
UNC10225190A,unc10225190a,UNC10225190A
UNC10225191A,unc10225191a,UNC10225191A
UNC10225192A,unc10225192a,UNC10225192A
UNC10225193A,unc10225193a,UNC10225193A
UNC10225194A,unc10225194a,UNC10225194A
UNC10225195A,unc10225195a,UNC10225195A
UNC10225196A,unc10225196a,UNC10225196A
UNC10225197A,unc10225197a,UNC10225197A
UNC10225198A,unc10225198a,UNC10225198A
UNC10225199A,unc10225199a,UNC10225199A
UNC10225200A,unc10225200a,UNC10225200A
UNC10225201A,unc10225201a,UNC10225201A
UNC10225202A,unc10225202a,UNC10225202A
UNC10225203A,unc10225203a,UNC10225203A
UNC10225204A,unc10225204a,UNC10225204A
UNC10225205A,unc10225205a,UNC10225205A
UNC10225206A,unc10225206a,UNC10225206A
UNC10225206B,unc10225206b,UNC10225206B
UNC10225208A,unc10225208a,UNC10225208A
UNC10225209A,unc10225209a,UNC10225209A
UNC10225210A,unc10225210a,UNC10225210A
UNC10225211A,unc10225211a,UNC10225211A
UNC10225212A,unc10225212a,UNC10225212A
UNC10225213A,unc10225213a,UNC10225213A
UNC10225214A,unc10225214a,UNC10225214A
UNC10225215A,unc10225215a,UNC10225215A
UNC10225216A,unc10225216a,UNC10225216A
UNC10225217A,unc10225217a,UNC10225217A
UNC10225218A,unc10225218a,UNC10225218A
UNC10225220A,unc10225220a,UNC10225220A
UNC10225221A,unc10225221a,UNC10225221A
UNC10225222A,unc10225222a,UNC10225222A
UNC10225223A,unc10225223a,UNC10225223A
UNC10225224A,unc10225224a,UNC10225224A
UNC10225225A,unc10225225a,UNC10225225A
UNC10225226A,unc10225226a,UNC10225226A
UNC10225227A,unc10225227a,UNC10225227A
UNC10225228A,unc10225228a,UNC10225228A
UNC10225229A,unc10225229a,UNC10225229A
UNC10225230A,unc10225230a,UNC10225230A
UNC10225231A,unc10225231a,UNC10225231A
UNC10225232A,unc10225232a,UNC10225232A
UNC10225233A,unc10225233a,UNC10225233A
UNC10225234A,unc10225234a,UNC10225234A
UNC10225235A,unc10225235a,UNC10225235A
UNC10225236A,unc10225236a,UNC10225236A
UNC10225238A,unc10225238a,UNC10225238A
UNC10225239A,unc10225239a,UNC10225239A
UNC10225240A,unc10225240a,UNC10225240A
UNC10225241A,unc10225241a,UNC10225241A
UNC10225242A,unc10225242a,UNC10225242A
UNC10225243A,unc10225243a,UNC10225243A
UNC10225244A,unc10225244a,UNC10225244A
UNC10225245A,unc10225245a,UNC10225245A
UNC10225247A,unc10225247a,UNC10225247A
UNC10225248A,unc10225248a,UNC10225248A
UNC10225249A,unc10225249a,UNC10225249A
UNC10225250A,unc10225250a,UNC10225250A
UNC10225251A,unc10225251a,UNC10225251A
UNC10225252A,unc10225252a,UNC10225252A
UNC10225253A,unc10225253a,UNC10225253A
UNC10225254A,unc10225254a,UNC10225254A
UNC10225255A,unc10225255a,UNC10225255A
UNC10225256A,unc10225256a,UNC10225256A
UNC10225257A,unc10225257a,UNC10225257A
UNC10225258A,unc10225258a,UNC10225258A
UNC10225259A,unc10225259a,UNC10225259A
UNC10225260A,unc10225260a,UNC10225260A
UNC10225261A,unc10225261a,UNC10225261A
UNC10225262A,unc10225262a,UNC10225262A
UNC10225263A,unc10225263a,UNC10225263A
UNC10225264A,unc10225264a,UNC10225264A
UNC10225265A,unc10225265a,UNC10225265A
UNC10225267A,unc10225267a,UNC10225267A
UNC10225268A,unc10225268a,UNC10225268A
UNC10225269A,unc10225269a,UNC10225269A
UNC10225270A,unc10225270a,UNC10225270A
UNC10225271A,unc10225271a,UNC10225271A
UNC10225273A,unc10225273a,UNC10225273A
UNC10225274A,unc10225274a,UNC10225274A
UNC10225275A,unc10225275a,UNC10225275A
UNC10225276A,unc10225276a,UNC10225276A
UNC10225277A,unc10225277a,UNC10225277A
UNC10225278A,unc10225278a,UNC10225278A
UNC10225279B,unc10225279b,UNC10225279B
UNC10225280A,unc10225280a,UNC10225280A
UNC10225281A,unc10225281a,UNC10225281A
UNC10225282A,unc10225282a,UNC10225282A
UNC10225285A,unc10225285a,UNC10225285A
UNC10225286A,unc10225286a,UNC10225286A
UNC10225287A,unc10225287a,UNC10225287A
UNC10225288A,unc10225288a,UNC10225288A
UNC10225289A,unc10225289a,UNC10225289A
UNC10225290A,unc10225290a,UNC10225290A
UNC10225291A,unc10225291a,UNC10225291A
UNC10225292A,unc10225292a,UNC10225292A
UNC10225293A,unc10225293a,UNC10225293A
UNC10225294A,unc10225294a,UNC10225294A
UNC10225297A,unc10225297a,UNC10225297A
UNC10225298A,unc10225298a,UNC10225298A
UNC10225299A,unc10225299a,UNC10225299A
UNC10225300A,unc10225300a,UNC10225300A
UNC10225301A,unc10225301a,UNC10225301A
UNC10225302A,unc10225302a,UNC10225302A
UNC10225303A,unc10225303a,UNC10225303A
UNC10225304A,unc10225304a,UNC10225304A
UNC10225305A,unc10225305a,UNC10225305A
UNC10225306A,unc10225306a,UNC10225306A
UNC10225308A,unc10225308a,UNC10225308A
UNC10225309A,unc10225309a,UNC10225309A
UNC10225311A,unc10225311a,UNC10225311A
UNC10225312A,unc10225312a,UNC10225312A
UNC10225313A,unc10225313a,UNC10225313A
UNC10225314A,unc10225314a,UNC10225314A
UNC10225315A,unc10225315a,UNC10225315A
UNC10225316A,unc10225316a,UNC10225316A
UNC10225317A,unc10225317a,UNC10225317A
UNC10225318A,unc10225318a,UNC10225318A
UNC10225319A,unc10225319a,UNC10225319A
UNC10225320A,unc10225320a,UNC10225320A
UNC10225321A,unc10225321a,UNC10225321A
UNC10225322A,unc10225322a,UNC10225322A
UNC10225323A,unc10225323a,UNC10225323A
UNC10225325A,unc10225325a,UNC10225325A
UNC10225326A,unc10225326a,UNC10225326A
UNC10225327A,unc10225327a,UNC10225327A
UNC10225328A,unc10225328a,UNC10225328A
UNC10225329A,unc10225329a,UNC10225329A
UNC10225330A,unc10225330a,UNC10225330A
UNC10225331A,unc10225331a,UNC10225331A
UNC10225332A,unc10225332a,UNC10225332A
UNC10225333A,unc10225333a,UNC10225333A
UNC10225334A,unc10225334a,UNC10225334A
UNC10225334B,unc10225334b,UNC10225334B
UNC10225335A,unc10225335a,UNC10225335A
UNC10225336A,unc10225336a,UNC10225336A
UNC10225337A,unc10225337a,UNC10225337A
UNC10225338A,unc10225338a,UNC10225338A
UNC10225339A,unc10225339a,UNC10225339A
UNC10225340A,unc10225340a,UNC10225340A
UNC10225342A,unc10225342a,UNC10225342A
UNC10225343A,unc10225343a,UNC10225343A
UNC10225344A,unc10225344a,UNC10225344A
UNC10225345A,unc10225345a,UNC10225345A
UNC10225346A,unc10225346a,UNC10225346A
UNC10225347A,unc10225347a,UNC10225347A
UNC10225348A,unc10225348a,UNC10225348A
UNC10225349A,unc10225349a,UNC10225349A
UNC10225350A,unc10225350a,UNC10225350A
UNC10225351A,unc10225351a,UNC10225351A
UNC10225352A,unc10225352a,UNC10225352A
UNC10225353A,unc10225353a,UNC10225353A
UNC10225354A,unc10225354a,UNC10225354A
UNC10225355A,unc10225355a,UNC10225355A
UNC10225356A,unc10225356a,UNC10225356A
UNC10225357A,unc10225357a,UNC10225357A
UNC10225358A,unc10225358a,UNC10225358A
UNC10225359A,unc10225359a,UNC10225359A
UNC10225360A,unc10225360a,UNC10225360A
UNC10225361A,unc10225361a,UNC10225361A
UNC10225362A,unc10225362a,UNC10225362A
UNC10225363A,unc10225363a,UNC10225363A
UNC10225364A,unc10225364a,UNC10225364A
UNC10225365A,unc10225365a,UNC10225365A
UNC10225367A,unc10225367a,UNC10225367A
UNC10225369A,unc10225369a,UNC10225369A
UNC10225370A,unc10225370a,UNC10225370A
UNC10225372A,unc10225372a,UNC10225372A
UNC10225373A,unc10225373a,UNC10225373A
UNC10225374A,unc10225374a,UNC10225374A
UNC10225375A,unc10225375a,UNC10225375A
UNC10225376A,unc10225376a,UNC10225376A
UNC10225377A,unc10225377a,UNC10225377A
UNC10225378A,unc10225378a,UNC10225378A
UNC10225379A,unc10225379a,UNC10225379A
UNC10225381A,unc10225381a,UNC10225381A
UNC10225382A,unc10225382a,UNC10225382A
UNC10225384A,unc10225384a,UNC10225384A
UNC10225386A,unc10225386a,UNC10225386A
UNC10225387B,unc10225387b,UNC10225387B
UNC10225388A,unc10225388a,UNC10225388A
UNC10225389A,unc10225389a,UNC10225389A
UNC10225390A,unc10225390a,UNC10225390A
UNC10225391A,unc10225391a,UNC10225391A
UNC10225392A,unc10225392a,UNC10225392A
UNC10225393A,unc10225393a,UNC10225393A
UNC10225395A,unc10225395a,UNC10225395A
UNC10225396A,unc10225396a,UNC10225396A
UNC10225397A,unc10225397a,UNC10225397A
UNC10225398A,unc10225398a,UNC10225398A
UNC10225399A,unc10225399a,UNC10225399A
UNC10225400A,unc10225400a,UNC10225400A
UNC10225401A,unc10225401a,UNC10225401A
UNC10225402A,unc10225402a,UNC10225402A
UNC10225403A,unc10225403a,UNC10225403A
UNC10225404A,unc10225404a,UNC10225404A
UNC10225405A,unc10225405a,UNC10225405A
UNC10225406A,unc10225406a,UNC10225406A
UNC10225407A,unc10225407a,UNC10225407A
UNC10225410A,unc10225410a,UNC10225410A
UNC10225411A,unc10225411a,UNC10225411A
UNC10225412A,unc10225412a,UNC10225412A
UNC10225413A,unc10225413a,UNC10225413A
UNC10225414A,unc10225414a,UNC10225414A
UNC10225415A,unc10225415a,UNC10225415A
UNC10225416A,unc10225416a,UNC10225416A
UNC10225417A,unc10225417a,UNC10225417A
UNC10225418A,unc10225418a,UNC10225418A
UNC10225419A,unc10225419a,UNC10225419A
UNC10225420A,unc10225420a,UNC10225420A
UNC10225420B,unc10225420b,UNC10225420B
UNC10225421A,unc10225421a,UNC10225421A
UNC10225422A,unc10225422a,UNC10225422A
UNC10225424A,unc10225424a,UNC10225424A
UNC10225425A,unc10225425a,UNC10225425A
UNC10225426A,unc10225426a,UNC10225426A
UNC10225427A,unc10225427a,UNC10225427A
UNC10225428A,unc10225428a,UNC10225428A
UNC10225429A,unc10225429a,UNC10225429A
UNC10225431A,unc10225431a,UNC10225431A
UNC10225432A,unc10225432a,UNC10225432A
UNC10225433A,unc10225433a,UNC10225433A
UNC10225434A,unc10225434a,UNC10225434A
UNC10225435A,unc10225435a,UNC10225435A
UNC10225436A,unc10225436a,UNC10225436A
UNC10225437A,unc10225437a,UNC10225437A
UNC10225438A,unc10225438a,UNC10225438A
UNC10225439A,unc10225439a,UNC10225439A
UNC10225440A,unc10225440a,UNC10225440A
UNC10225441A,unc10225441a,UNC10225441A
UNC10225443A,unc10225443a,UNC10225443A
UNC10225444A,unc10225444a,UNC10225444A
UNC10225445A,unc10225445a,UNC10225445A
UNC10225447A,unc10225447a,UNC10225447A
UNC10225448A,unc10225448a,UNC10225448A
UNC10225449A,unc10225449a,UNC10225449A
UNC10225450A,unc10225450a,UNC10225450A
UNC10225451A,unc10225451a,UNC10225451A
UNC10225452A,unc10225452a,UNC10225452A
UNC10225453A,unc10225453a,UNC10225453A
UNC10225454A,unc10225454a,UNC10225454A
UNC10225455A,unc10225455a,UNC10225455A
UNC10225456A,unc10225456a,UNC10225456A
UNC10225457A,unc10225457a,UNC10225457A
UNC10225458A,unc10225458a,UNC10225458A
UNC10225459A,unc10225459a,UNC10225459A
UNC10225460A,unc10225460a,UNC10225460A
UNC10225462A,unc10225462a,UNC10225462A
UNC10225463A,unc10225463a,UNC10225463A
UNC10225464A,unc10225464a,UNC10225464A
UNC10225466A,unc10225466a,UNC10225466A
UNC10225467A,unc10225467a,UNC10225467A
UNC10225468A,unc10225468a,UNC10225468A
UNC10225471A,unc10225471a,UNC10225471A
UNC10225473A,unc10225473a,UNC10225473A
UNC10225474A,unc10225474a,UNC10225474A
UNC10225475A,unc10225475a,UNC10225475A
UNC10225477A,unc10225477a,UNC10225477A
UNC10225478A,unc10225478a,UNC10225478A
UNC10225479A,unc10225479a,UNC10225479A
UNC10225480A,unc10225480a,UNC10225480A
UNC10225481A,unc10225481a,UNC10225481A
UNC10225482A,unc10225482a,UNC10225482A
UNC10225483A,unc10225483a,UNC10225483A
UNC10225484A,unc10225484a,UNC10225484A
UNC10225486A,unc10225486a,UNC10225486A
UNC10225487A,unc10225487a,UNC10225487A
UNC10225488A,unc10225488a,UNC10225488A
UNC10225489A,unc10225489a,UNC10225489A
UNC10225490A,unc10225490a,UNC10225490A
UNC10225491A,unc10225491a,UNC10225491A
UNC10225492A,unc10225492a,UNC10225492A
UNC10225493A,unc10225493a,UNC10225493A
UNC10225494A,unc10225494a,UNC10225494A
UNC10225496A,unc10225496a,UNC10225496A
UNC10225497A,unc10225497a,UNC10225497A
UNC10225498A,unc10225498a,UNC10225498A
UNC10225499A,unc10225499a,UNC10225499A
UNC10225500A,unc10225500a,UNC10225500A
UNC10225501A,unc10225501a,UNC10225501A
UNC10225502A,unc10225502a,UNC10225502A
UNC10225503A,unc10225503a,UNC10225503A
UNC10225504A,unc10225504a,UNC10225504A
UNC10243858A,unc10243858a,UNC10243858A
UNC10243859A,unc10243859a,UNC10243859A
UNC10243860A,unc10243860a,UNC10243860A
UNC10243861A,unc10243861a,UNC10243861A
UNC10243862A,unc10243862a,UNC10243862A
UNC10243863A,unc10243863a,UNC10243863A
UNC10243880A,unc10243880a,UNC10243880A
UNC10243881A,unc10243881a,UNC10243881A
UNC10244034A,unc10244034a,UNC10244034A
AKI00000001a,aki00000001a,AKI00000001a
AKI00000002a,aki00000002a,AKI00000002a
AKI00000003a,aki00000003a,AKI00000003a
AKI00000004a,aki00000004a,AKI00000004a
AKI00000005a,aki00000005a,AKI00000005a
AKI00000006a,aki00000006a,AKI00000006a
AKI00000007a,aki00000007a,AKI00000007a
AKI00000008a,aki00000008a,AKI00000008a
AKI00000009a,aki00000009a,AKI00000009a
AKI00000010a,aki00000010a,AKI00000010a
AKI00000011a,aki00000011a,AKI00000011a
AKI00000012a,aki00000012a,AKI00000012a
AKI00000013a,aki00000013a,AKI00000013a
AKI00000014a,aki00000014a,AKI00000014a
AKI00000015a,aki00000015a,AKI00000015a
AKI00000016a,aki00000016a,AKI00000016a
AKI00000017a,aki00000017a,AKI00000017a
AKI00000018a,aki00000018a,AKI00000018a
AKI00000019a,aki00000019a,AKI00000019a
AKI00000020a,aki00000020a,AKI00000020a
AKI00000021a,aki00000021a,AKI00000021a
AKI00000022a,aki00000022a,AKI00000022a
AKI00000023a,aki00000023a,AKI00000023a
AKI00000024a,aki00000024a,AKI00000024a
AKI00000025a,aki00000025a,AKI00000025a
AKI00000026a,aki00000026a,AKI00000026a
AKI00000027a,aki00000027a,AKI00000027a
AKI00000028a,aki00000028a,AKI00000028a
AKI00000029a,aki00000029a,AKI00000029a
AKI00000030a,aki00000030a,AKI00000030a
AKI00000031a,aki00000031a,AKI00000031a
AKI00000032a,aki00000032a,AKI00000032a
AKI00000033a,aki00000033a,AKI00000033a
AKI00000034a,aki00000034a,AKI00000034a
AKI00000035a,aki00000035a,AKI00000035a
AKI00000036a,aki00000036a,AKI00000036a
AKI00000037a,aki00000037a,AKI00000037a
AKI00000038a,aki00000038a,AKI00000038a
AKI00000039a,aki00000039a,AKI00000039a
AKI00000040a,aki00000040a,AKI00000040a
AKI00000041a,aki00000041a,AKI00000041a
AKI00000042a,aki00000042a,AKI00000042a
AKI00000043a,aki00000043a,AKI00000043a
AKI00000044a,aki00000044a,AKI00000044a
AKI00000045a,aki00000045a,AKI00000045a
AKI00000046a,aki00000046a,AKI00000046a
AKI00000047a,aki00000047a,AKI00000047a
AKI00000048a,aki00000048a,AKI00000048a
AKI00000049a,aki00000049a,AKI00000049a
AKI00000050a,aki00000050a,AKI00000050a
AKI00000051a,aki00000051a,AKI00000051a
AKI00000052a,aki00000052a,AKI00000052a
AKI00000053a,aki00000053a,AKI00000053a
AKI00000054a,aki00000054a,AKI00000054a
AKI00000055a,aki00000055a,AKI00000055a
AKI00000056a,aki00000056a,AKI00000056a
AKI00000057a,aki00000057a,AKI00000057a
AKI00000058a,aki00000058a,AKI00000058a
AKI00000059a,aki00000059a,AKI00000059a
AKI00000061a,aki00000061a,AKI00000061a
AKI00000062a,aki00000062a,AKI00000062a
AKI00000063a,aki00000063a,AKI00000063a
AKI00000064a,aki00000064a,AKI00000064a
AKI00000065a,aki00000065a,AKI00000065a
AKI00000066a,aki00000066a,AKI00000066a
AKI00000067a,aki00000067a,AKI00000067a
AKI00000068a,aki00000068a,AKI00000068a
AKI00000069a,aki00000069a,AKI00000069a
AKI00000070a,aki00000070a,AKI00000070a
AKI00000071a,aki00000071a,AKI00000071a
AKI00000072a,aki00000072a,AKI00000072a
AKI00000073a,aki00000073a,AKI00000073a
AKI00000074a,aki00000074a,AKI00000074a
BAY-309,bay-309,BAY309
BAY-827,bay-827,BAY827
ERKi,erki,ERKi
ERKi-NC,erki-nc,ERKiNC
GSK1901320A,gsk1901320a,GSK1901320A
GSK2141795,gsk2141795,GSK2141795
ML-281,ml-281,ML281
MRL-SYKi-NC,mrl-syki-nc,MRLSYKi-NC
SC-1-151,sc-1-151,SC1-151
SC-1-181,sc-1-181,SC1-181
SC-1-72A,sc-1-72a,SC1-72A
SM25,sm25,SM25
T3,t3,T3
TP-003,tp-003,TP003
TP-008,tp-008,TP008
TPn-003,tpn-003,TPn003
UNC-CA-380,unc-ca-380,UNCCA-380
UNC-CA-400,unc-ca-400,UNCCA-400
UNC-CAF-012,unc-caf-012,UNCCAF-012
UNC-CAF-038,unc-caf-038,UNCCAF-038
UNC-NK-255,unc-nk-255,UNCNK-255
UNC-NK-260,unc-nk-260,UNCNK-260
UNC-NK-261,unc-nk-261,UNCNK-261
UNC-NK-280,unc-nk-280,UNCNK-280
UNC-NK-281,unc-nk-281,UNCNK-281
UNC-NK-283,unc-nk-283,UNCNK-283
UNC-NK-302,unc-nk-302,UNCNK-302
UNC-NK-304,unc-nk-304,UNCNK-304
UNC-NK-307,unc-nk-307,UNCNK-307
UNC-YL-294,unc-yl-294,UNCYL-294
UNC-YL-295,unc-yl-295,UNCYL-295
UNC-YL-336,unc-yl-336,UNCYL-336
